{
  "公众号": "影视范",
  "qq频道": "TVBox本地包",
  "qq频道链接": "https://pd.qq.com/s/2mvdgmij8",
  "spider": "./0526fty.jar;md5;f89c43655a15d4964c38573649a56702",
  "wallpaper": "http://饭太硬.ga/深色壁纸/api.php",
  "sites": [
    {
      "key": "js豆瓣",
      "name": "豆瓣热剧",
      "type": 3,
      "api": "./js/drpy.min.js",
      "ext": "./js/drpy.js",
      "searchable": 0,
      "quickSearch": 0,
      "filterable": 0
    },
    {
      "key": "csp_Bili",
      "name": "哔哔┃合集",
      "type": 3,
      "api": "csp_Bili",
      "searchable": 1,
      "quickSearch": 0,
      "filterable": 0,
      "changeable": 0,
      "ext": "./Bili/bilibili.json"
    },
    {
      "key": "csp_Biliych",
      "name": "哔哔┃演唱会",
      "type": 3,
      "api": "csp_Bili",
      "searchable": 1,
      "quickSearch": 0,
      "filterable": 1,
      "changeable": 0,
      "ext": "./Bili/biliych.json"
    },
    {
      "key": "csp_WoGG",
      "name": "👽玩偶哥哥┃4K",
      "type": 3,
      "api": "csp_WoGG",
      "searchable": 1,
      "quickSearch": 1,
      "filterable": 1,
      "ext": "http://127.0.0.1:9978/file/tvfan/token.txt"
    },
    {
      "key": "csp_apple",
      "name": "🍎苹果┃App",
      "type": 3,
      "api": "csp_LiteApple",
      "playerType": 1,
      "searchable": 1,
      "quickSearch": 1,
      "filterable": 1
    },
    {
      "key": "csp_YQKAPP",
      "name": "🎉一起┃App",
      "type": 3,
      "api": "csp_YQKAPP",
      "playerType": 2,
      "searchable": 1,
      "quickSearch": 1,
      "filterable": 1,
      "ext": "https://api-aws.11ty.top"
    },
    {
      "key": "csp_AppTT",
      "name": "🐰图图┃APP",
      "type": 3,
      "api": "csp_AppTT",
      "searchable": 1,
      "quickSearch": 1,
      "filterable": 1,
      "ext": "SldYWXFabkhXTWlsTlpMdFNSSyN0ek1JdzlJQVJSY00=$$$Q01pbkowUzdvNnNZWk1WVw==$$$aHR0cDovL2FwaS50dDU4LnR2L2NvbmZpZy9uZXd0di5qc29uP3NzPQ=="
    },
    {
      "key": "csp_kuaikan",
      "name": "👀快看┃App",
      "type": 3,
      "api": "csp_Kuaikan",
      "searchable": 1,
      "quickSearch": 1,
      "filterable": 1
    },
    {
      "key": "csp_酷酷",
      "name": "🏵酷酷┃App",
      "type": 3,
      "api": "csp_AppYsV2",
      "searchable": 1,
      "quickSearch": 1,
      "filterable": 1,
      "ext": "http://kuyun.realku.cn/api.php/app/"
    },
    {
      "key": "csp_BuLei",
      "name": "💢布雷┃直连",
      "type": 3,
      "api": "csp_BuLei",
      "searchable": 1,
      "quickSearch": 1,
      "filterable": 1,
      "ext": "https://饭太硬.ga/$$$auto$$$sdlw1111$$$qqaa1122"
    },
    {
      "key": "csp_Xinsj",
      "name": "🐼视觉┃直连",
      "type": 3,
      "api": "csp_Xinsj",
      "searchable": 1,
      "quickSearch": 1,
      "filterable": 1,
      "ext": "https://6080dy4.com"
    },
    {
      "key": "csp_Lib",
      "name": "🌟利奥┃直连",
      "type": 3,
      "api": "csp_Libvio",
      "searchable": 1,
      "quickSearch": 1,
      "filterable": 1,
      "ext": "https://tv.libvio.cc/"
    },
    {
      "key": "csp_Cokemv",
      "name": "📕可乐┃直连",
      "type": 3,
      "api": "csp_Cokemv",
      "playerType": 2,
      "searchable": 1,
      "quickSearch": 1,
      "filterable": 1
    },
    {
      "key": "csp_Bttoo",
      "name": "✌比特┃直连",
      "type": 3,
      "api": "csp_Bttwoo",
      "searchable": 1,
      "quickSearch": 1,
      "filterable": 1
    },
    {
      "key": "csp_Dy1010",
      "name": "❤双十┃直连",
      "type": 3,
      "api": "csp_Dy1010",
      "searchable": 1,
      "quickSearch": 1,
      "filterable": 1
    },
    {
      "key": "csp_77",
      "name": "👒七七┃App",
      "type": 3,
      "api": "csp_Kunyu77",
      "searchable": 1,
      "quickSearch": 1,
      "filterable": 1
    },
    {
      "key": "csp_Nmys",
      "name": "🌾农民┃直连",
      "type": 3,
      "api": "csp_Nmys",
      "searchable": 1,
      "quickSearch": 1,
      "filterable": 1,
      "ext": "./Nmys/nmys.json"
    },
    {
      "key": "csp_Czsapp",
      "name": "📔厂长┃直连",
      "type": 3,
      "api": "csp_Czsapp",
      "playerType": 2,
      "searchable": 1,
      "quickSearch": 1,
      "filterable": 1
    },
    {
      "key": "csp_DiDuan",
      "name": "⏮低端┃直连",
      "type": 3,
      "api": "csp_Ddrk",
      "searchable": 1,
      "quickSearch": 1,
      "filterable": 0
    },
    {
      "key": "csp_fantuan",
      "name": "🍙饭团┃直连",
      "type": 3,
      "api": "csp_Fantuan",
      "searchable": 1,
      "quickSearch": 1,
      "filterable": 1,
      "ext": "https://www.fantuanhd.com"
    },
    {
      "key": "csp_Vofl",
      "name": "🎈Vofl┃直连",
      "type": 3,
      "api": "csp_Voflix",
      "searchable": 1,
      "quickSearch": 1,
      "filterable": 1
    },
    {
      "key": "csp_Auete",
      "name": "🏝奥特┃直连",
      "type": 3,
      "api": "csp_Auete",
      "searchable": 1,
      "quickSearch": 1,
      "filterable": 1
    },
    {
      "key": "红红",
      "name": "🌈红红┃App",
      "type": 3,
      "api": "csp_AppYsV2",
      "searchable": 1,
      "quickSearch": 1,
      "filterable": 1,
      "ext": "http://bbq.1006.tk/icciu_api.php/v1.vod"
    },
    {
      "key": "黄黄",
      "name": "😎黄黄┃App",
      "api": "csp_AppYsV2",
      "type": 3,
      "filterable": 1,
      "quickSearch": 1,
      "searchable": 1,
      "ext": "https://yayayaaapp.ynf.icu/api.php/app/"
    },
    {
      "key": "csp_AppMr",
      "name": "👻明明┃App",
      "type": 3,
      "api": "csp_AppMr",
      "searchable": 1,
      "quickSearch": 1,
      "filterable": 1
    },
    {
      "key": "csp_zxzj",
      "name": "📗在线┃直连",
      "type": 3,
      "api": "csp_Zxzj",
      "searchable": 1,
      "quickSearch": 1,
      "filterable": 1,
      "ext": "https://www.zxzj.pro/"
    },
    {
      "key": "csp_Lgyy",
      "name": "🌀蓝光┃直连",
      "type": 3,
      "api": "csp_Lgyy",
      "searchable": 1,
      "quickSearch": 1,
      "filterable": 1,
      "ext": "https://www.lgyy.vip"
    },
    {
      "key": "csp_Smdyy",
      "name": "🐴神马┃直连",
      "type": 3,
      "api": "csp_Smdyy",
      "searchable": 1,
      "quickSearch": 1,
      "filterable": 1
    },
    {
      "key": "csp_Ysgc",
      "name": "🏭工厂┃直连",
      "type": 3,
      "api": "csp_Ysgc",
      "searchable": 1,
      "quickSearch": 1,
      "filterable": 1,
      "ext": "https://www.ysgc.vip"
    },
    {
      "key": "csp_555",
      "name": "5⃣五五┃直连",
      "type": 3,
      "api": "csp_Ys555",
      "searchable": 1,
      "quickSearch": 1,
      "filterable": 1,
      "ext": "https://www.555dyy1.com"
    },
    {
      "key": "csp_Bd",
      "name": "💥哔嘀┃直连",
      "type": 3,
      "api": "csp_Bdys01",
      "searchable": 1,
      "quickSearch": 1,
      "filterable": 1
    },
    {
      "key": "csp_SP33",
      "name": "📺三三┃解析",
      "type": 3,
      "api": "csp_SP33",
      "searchable": 1,
      "quickSearch": 1,
      "filterable": 1,
      "changeable": 0
    },
    {
      "key": "Qtv",
      "name": "🐧腾腾┃解析",
      "type": 3,
      "api": "csp_Qtv",
      "searchable": 1,
      "quickSearch": 1,
      "filterable": 1,
      "changeable": 0
    },
    {
      "key": "Itv",
      "name": "🥝爱爱┃解析",
      "type": 3,
      "api": "csp_Itv",
      "quickSearch": 1,
      "searchable": 1,
      "filterable": 1,
      "changeable": 0
    },
    {
      "key": "Mtv",
      "name": "🍋芒芒┃解析",
      "type": 3,
      "api": "csp_Mtv",
      "searchable": 1,
      "quickSearch": 1,
      "filterable": 1,
      "changeable": 0
    },
    {
      "key": "csp_Dm84",
      "name": "🚌动漫┃巴士",
      "type": 3,
      "api": "csp_Dm84",
      "searchable": 1,
      "quickSearch": 1,
      "filterable": 1
    },
    {
      "key": "csp_Ying",
      "name": "💮樱花┃动漫",
      "type": 3,
      "api": "csp_Ying",
      "searchable": 1,
      "quickSearch": 1,
      "filterable": 1
    },
    {
      "key": "csp_Ysj",
      "name": "🎀异界┃动漫",
      "type": 3,
      "api": "csp_Ysj",
      "searchable": 1,
      "quickSearch": 1,
      "filterable": 1
    },
    {
      "key": "csp_Anime1",
      "name": "🐾日本┃动漫",
      "type": 3,
      "api": "csp_Anime1",
      "searchable": 1,
      "quickSearch": 1,
      "filterable": 1
    },
    {
      "key": "csp_Yj1211",
      "name": "📽网红┃直播",
      "type": 3,
      "api": "csp_Yj1211",
      "searchable": 1,
      "quickSearch": 1,
      "filterable": 1
    },
    {
      "key": "88js",
      "name": "⚽ 88┃看球",
      "type": 3,
      "api": "./js/drpy.min.js",
      "ext": "./js/88看球.js",
      "searchable": 0,
      "quickSearch": 0,
      "filterable": 0
    },
    {
      "key": "csp_xp_qiumi",
      "name": "⚽ Jrs┃球迷",
      "type": 3,
      "api": "csp_XPath",
      "searchable": 0,
      "quickSearch": 0,
      "filterable": 0,
      "ext": "./XPath/dj看球.json"
    },
    {
      "key": "csp_XYQBiu_310直播",
      "name": "⚽310┃看球",
      "type": 3,
      "api": "csp_XYQBiu",
      "searchable": 0,
      "quickSearch": 0,
      "filterable": 0,
      "ext": "./XYQBiu/310直播.json"
    },
    {
      "key": "csp_XPath_企鹅体育",
      "name": "🐧企鹅┃体育",
      "type": 3,
      "api": "csp_XPath",
      "searchable": 0,
      "quickSearch": 0,
      "filterable": 0,
      "ext": "./XPath/企鹅直播.json"
    },
    {
      "key": "csp_XBPQ_酷奇",
      "name": "🎤酷奇┃MV",
      "type": 3,
      "api": "csp_XBPQ",
      "searchable": 0,
      "quickSearch": 0,
      "filterable": 0,
      "ext": "./XBPQ/酷奇MV.json"
    },
    {
      "key": "虎牙直播js",
      "name": "🐯虎牙┃直播",
      "type": 3,
      "api": "./js/drpy.min.js",
      "ext": "./js/虎牙直播.js",
      "searchable": 0,
      "quickSearch": 0,
      "filterable": 0
    },
    {
      "key": "csp_XYQBiu_斗鱼",
      "name": "🐟斗鱼┃直播",
      "type": 3,
      "api": "csp_XYQBiu",
      "searchable": 0,
      "quickSearch": 0,
      "filterable": 0,
      "ext": "./XYQBiu/斗鱼直播.json"
    },
    {
      "key": "csp_XBPQ_聚短视频",
      "name": "📽聚┃短视频",
      "type": 3,
      "api": "csp_XBPQ",
      "searchable": 0,
      "quickSearch": 0,
      "filterable": 0,
      "ext": "./XBPQ/短视频.json"
    },
    {
      "key": "有声小说js",
      "name": "🎧有声┃小说",
      "type": 3,
      "api": "./js/drpy.min.js",
      "ext": "./js/有声小说吧.js",
      "searchable": 0,
      "quickSearch": 0,
      "filterable": 0
    },
    {
      "key": "csp_Alist1",
      "name": "🅿Alist┃网盘",
      "type": 3,
      "api": "csp_AList",
      "searchable": 1,
      "quickSearch": 0,
      "filterable": 0,
      "changeable": 0,
      "ext": "./AList/alist.json"
    },
    {
      "key": "YiSo",
      "name": "😹易搜┃搜索",
      "type": 3,
      "api": "csp_YiSo",
      "searchable": 1,
      "quickSearch": 1,
      "filterable": 0,
      "changeable": 0,
      "ext": "http://127.0.0.1:9978/file/tvfan/token.txt"
    },
    {
      "key": "Zhaozy",
      "name": "找资源┃搜索",
      "type": 3,
      "api": "csp_Zhaozy",
      "searchable": 1,
      "quickSearch": 1,
      "filterable": 0,
      "changeable": 0,
      "ext": "http://127.0.0.1:9978/file/tvfan/token.txt$$$tvfan$$$tvfan"
    },
    {
      "key": "PanSou",
      "name": "🦊盘搜┃搜索",
      "type": 3,
      "api": "csp_PanSou",
      "searchable": 1,
      "quickSearch": 1,
      "filterable": 0,
      "changeable": 0,
      "ext": "http://127.0.0.1:9978/file/tvfan/token.txt"
    },
    {
      "key": "七夜",
      "name": "😾七夜┃搜索",
      "type": 3,
      "api": "csp_Dovx",
      "searchable": 1,
      "quickSearch": 1,
      "filterable": 0,
      "changeable": 0,
      "ext": "http://127.0.0.1:9978/file/tvfan/token.txt"
    },
    {
      "key": "TuGou",
      "name": "😿土狗┃搜索",
      "type": 3,
      "api": "csp_TuGou",
      "searchable": 1,
      "quickSearch": 1,
      "changeable": 0,
      "ext": "http://127.0.0.1:9978/file/tvfan/token.txt"
    },
    {
      "key": "UpYun",
      "name": "😻Up搜┃搜索",
      "type": 3,
      "api": "csp_UpYun",
      "searchable": 1,
      "quickSearch": 1,
      "filterable": 0,
      "changeable": 0,
      "ext": "http://127.0.0.1:9978/file/tvfan/token.txt"
    },
    {
      "key": "PanSearch",
      "name": "🙀盘Se┃搜索",
      "type": 3,
      "api": "csp_PanSearch",
      "searchable": 1,
      "quickSearch": 1,
      "filterable": 0,
      "ext": "http://127.0.0.1:9978/file/tvfan/token.txt"
    },
    {
      "key": "push_agent",
      "name": "🛴手机┃推送",
      "type": 3,
      "api": "csp_Push",
      "searchable": 0,
      "quickSearch": 0,
      "filterable": 0,
      "ext": "http://127.0.0.1:9978/file/tvfan/token.txt"
    },
    {
      "key": "csp_Nbys",
      "name": "🛫泥巴┃飞",
      "type": 3,
      "api": "csp_NiNi",
      "searchable": 1,
      "quickSearch": 1,
      "filterable": 1
    },
    {
      "key": "csp_If101",
      "name": "🛫 If101┃飞",
      "type": 3,
      "api": "csp_If101",
      "searchable": 1,
      "quickSearch": 1,
      "filterable": 1
    },
    {
      "key": "csp_trj",
      "name": "🛫唐人街┃飞",
      "type": 3,
      "api": "csp_Tangrenjie",
      "searchable": 1,
      "quickSearch": 1,
      "filterable": 1
    },
    {
      "key": "dr_兔小贝",
      "name": "📚儿童┃启蒙",
      "type": 3,
      "api": "./js/drpy.min.js",
      "ext": "./js/兔小贝.js",
      "searchable": 0,
      "quickSearch": 0,
      "filterable": 0
    },
    {
      "key": "少儿教育",
      "name": "📚少儿┃教育",
      "type": 3,
      "api": "csp_Bili",
      "searchable": 0,
      "quickSearch": 0,
      "filterable": 1,
      "ext": "./Bili/少儿教育.json"
    },
    {
      "key": "小学课堂",
      "name": "📚小学┃课堂",
      "type": 3,
      "api": "csp_Bili",
      "searchable": 0,
      "quickSearch": 0,
      "filterable": 1,
      "ext": "./Bili/小学课堂.json"
    },
    {
      "key": "初中课堂",
      "name": "📚初中┃课堂",
      "type": 3,
      "api": "csp_Bili",
      "searchable": 0,
      "quickSearch": 0,
      "filterable": 1,
      "ext": "./Bili/初中课堂.json"
    },
    {
      "key": "高中教育",
      "name": "📚高中┃课堂",
      "type": 3,
      "api": "csp_Bili",
      "searchable": 0,
      "quickSearch": 0,
      "filterable": 1,
      "ext": "./Bili/高中课堂.json"
    },
    {
      "key": "ext_live_protocol",
      "name": "导航  http://饭太硬.ga",
      "type": 3,
      "api": "csp_XPath",
      "searchable": 0,
      "quickSearch": 0
    },
    {
      "key": "cc",
      "name": "请勿相信视频中任何广告",
      "type": 3,
      "api": "csp_XPath",
      "searchable": 0,
      "quickSearch": 0,
      "filterable": 0
    },
    {
      "key": "local1",
      "name": "本地化by影视范",
      "type": 3,
      "api": "",
      "searchable": 0,
      "quickSearch": 0,
      "filterable": 0
    },
    {
      "key": "local2",
      "name": "公️众号:影视范",
      "type": 3,
      "api": "",
      "searchable": 0,
      "quickSearch": 0,
      "filterable": 0
    },
    {
      "key": "local3",
      "name": "Q频道：本地包",
      "type": 3,
      "api": "",
      "searchable": 0,
      "quickSearch": 0,
      "filterable": 0
    },
    {
      "key": "local4",
      "name": "本地化0526",
      "type": 3,
      "api": "",
      "searchable": 0,
      "quickSearch": 0,
      "filterable": 0
    }
  ],
  "parses": [
    {
      "name": "聚合1",
      "type": 3,
      "url": "Demo"
    },
    {
      "name": "聚合0",
      "type": 3,
      "url": "Web"
    },
    {
      "name": "全部",
      "type": 0,
      "url": "https://jx.777jiexi.com/player/?url=",
      "ext": {
        "flag": [
          "qq",
          "腾讯",
          "qiyi",
          "爱奇艺",
          "奇艺",
          "youku",
          "优酷",
          "mgtv",
          "imgo",
          "芒果",
          "letv",
          "乐视",
          "pptv",
          "PPTV",
          "sohu",
          "bilibili",
          "哔哩哔哩",
          "哔哩"
        ],
        "header": {
          "User-Agent": "okhttp/4.1.0"
        }
      }
    },
    {
      "name": "来自",
      "type": 0,
      "url": "https://jx.bozrc.com:4433/player/?url=",
      "ext": {
        "flag": [
          "qq",
          "腾讯",
          "qiyi",
          "爱奇艺",
          "奇艺",
          "youku",
          "优酷",
          "mgtv",
          "imgo",
          "芒果",
          "letv",
          "乐视",
          "pptv",
          "PPTV",
          "sohu",
          "bilibili",
          "哔哩哔哩",
          "哔哩"
        ],
        "header": {
          "User-Agent": "okhttp/4.1.0"
        }
      }
    },
    {
      "name": "网络",
      "type": 1,
      "url": "http://jx.pandown.pro/home/api?type=ys&uid=2691632&key=bchmpqsDJMSTWX0568&url=",
      "ext": {
        "flag": [
          "qq",
          "腾讯",
          "qiyi",
          "爱奇艺",
          "奇艺",
          "youku",
          "优酷",
          "sohu",
          "搜狐",
          "letv",
          "乐视",
          "mgtv",
          "芒果",
          "imgo",
          "rx",
          "ltnb",
          "bilibili",
          "1905",
          "xigua"
        ]
      }
    },
    {
      "name": "大家",
      "type": 1,
      "url": "http://110.42.2.247:880/analysis/json/?uid=2056&my=efjkmvBGHILMSUWXY0&url=",
      "ext": {
        "flag": [
          "qq",
          "腾讯",
          "qiyi",
          "爱奇艺",
          "奇艺",
          "youku",
          "优酷",
          "sohu",
          "搜狐",
          "letv",
          "乐视",
          "imgo",
          "mgtv",
          "芒果",
          "rx",
          "ltnb",
          "bilibili",
          "1905",
          "xigua"
        ]
      }
    },
    {
      "name": "随便",
      "type": 0,
      "url": "https://jx.zhanlangbu.com/?url=",
      "ext": {
        "flag": [
          "qq",
          "腾讯",
          "qiyi",
          "爱奇艺",
          "奇艺",
          "youku",
          "优酷",
          "mgtv",
          "芒果",
          "imgo",
          "letv",
          "乐视",
          "pptv",
          "PPTV",
          "sohu",
          "bilibili",
          "哔哩哔哩",
          "哔哩"
        ],
        "header": {
          "User-Agent": "okhttp/4.1.0"
        }
      }
    },
    {
      "name": "拿",
      "type": 1,
      "url": "https://b.umkan.cc/API.php?url=",
      "ext": {
        "flag": [
          "qq",
          "腾讯",
          "企鹅",
          "IQiYi",
          "qiyi",
          "imgo",
          "爱奇艺",
          "奇艺",
          "youku",
          "YouKu",
          "优酷",
          "sohu",
          "SoHu",
          "搜狐",
          "letv",
          "LeShi",
          "乐视",
          "imgo",
          "mgtv",
          "MangGuo",
          "芒果",
          "SLYS4k",
          "BYGA",
          "luanzi",
          "AliS",
          "dxzy",
          "bilibili",
          "QEYSS",
          "xigua",
          "西瓜视频",
          "腾讯视频",
          "奇艺视频",
          "优酷视频",
          "芒果视频",
          "乐视视频"
        ]
      }
    },
    {
      "name": "去用",
      "type": 0,
      "url": "http://www.miaoys.cc/vip/?url="
    },
    {
      "name": "坏了",
      "type": 0,
      "url": "http://27.124.4.42:4567/jhjson/ceshi.php?url=",
      "ext": {
        "flag": [
          "qq",
          "腾讯",
          "qiyi",
          "爱奇艺",
          "奇艺",
          "youku",
          "优酷",
          "mgtv",
          "imgo",
          "芒果",
          "letv",
          "乐视",
          "pptv",
          "PPTV",
          "sohu",
          "bilibili",
          "哔哩哔哩",
          "哔哩"
        ],
        "header": {
          "User-Agent": "okhttp/4.1.0"
        }
      }
    },
    {
      "name": "我再",
      "type": 0,
      "url": "https://jxdp.codermart.net/?url=",
      "ext": {
        "flag": [
          "qq",
          "腾讯",
          "qiyi",
          "爱奇艺",
          "奇艺",
          "youku",
          "优酷",
          "mgtv",
          "imgo",
          "芒果",
          "letv",
          "乐视",
          "pptv",
          "PPTV",
          "sohu",
          "bilibili",
          "哔哩哔哩",
          "哔哩"
        ],
        "header": {
          "User-Agent": "okhttp/4.1.0"
        }
      }
    },
    {
      "name": "找来",
      "type": 1,
      "url": "http://xn--wnup5g.xn--z7x900a.love:63/Art0425/analysis.php?v=",
      "ext": {
        "flag": [
          "qq",
          "腾讯",
          "企鹅",
          "IQiYi",
          "qiyi",
          "爱奇艺",
          "奇艺",
          "youku",
          "YouKu",
          "优酷",
          "sohu",
          "SoHu",
          "搜狐",
          "letv",
          "LeShi",
          "乐视",
          "imgo",
          "mgtv",
          "MangGuo",
          "imgo",
          "芒果",
          "SLYS4k",
          "BYGA",
          "luanzi",
          "AliS",
          "dxzy",
          "bilibili",
          "QEYSS",
          "xigua",
          "西瓜视频",
          "腾讯视频",
          "奇艺视频",
          "优酷视频",
          "芒果视频",
          "乐视视频"
        ]
      }
    }
  ],
  "rules": [
    {
      "name": "量子",
      "hosts": [
        "vip.lz",
        "hd.lz"
      ],
      "regex": [
        "#EXT-X-DISCONTINUITY\\r*\\n*#EXTINF:6.433333,[\\s\\S]*?#EXT-X-DISCONTINUITY"
      ]
    },
    {
      "name": "非凡",
      "hosts": [
        "vip.ffzy",
        "hd.ffzy"
      ],
      "regex": [
        "#EXT-X-DISCONTINUITY\\r*\\n*#EXTINF:6.666667,[\\s\\S]*?#EXT-X-DISCONTINUITY"
      ]
    },
    {
      "name": "火山嗅探",
      "hosts": [
        "huoshan.com"
      ],
      "regex": [
        "item_id="
      ]
    },
    {
      "name": "抖音嗅探",
      "hosts": [
        "douyin.com"
      ],
      "regex": [
        "is_play_url="
      ]
    }
  ],
  "lives": [
    {
      "name": "live",
      "type": 0,
      "url": "./live.txt",
      "playerType": 1,
      "ua": "okhttp/3.12.13",
      "epg": "http://epg.112114.xyz/?ch={name}&date={date}",
      "logo": "https://epg.112114.xyz/logo/{name}.png"
    },
    {
      "name": "TV",
      "type": 0,
      "url": "https://agit.ai/fantaiying/fmm/raw/branch/main/tv/m3u/global.m3u",
      "epg": "http://epg.112114.xyz/?ch={name}&date={date}",
      "logo": "https://epg.112114.xyz/logo/{name}.png"
    }
  ],
  "flags": [
    "youku",
    "优酷",
    "优 酷",
    "优酷视频",
    "qq",
    "腾讯",
    "腾 讯",
    "腾讯视频",
    "iqiyi",
    "qiyi",
    "奇艺",
    "爱奇艺",
    "爱 奇 艺",
    "m1905",
    "xigua",
    "letv",
    "leshi",
    "乐视",
    "乐 视",
    "sohu",
    "搜狐",
    "搜 狐",
    "搜狐视频",
    "tudou",
    "pptv",
    "mgtv",
    "芒果",
    "imgo",
    "芒果TV",
    "芒 果 T V",
    "bilibili",
    "哔 哩",
    "哔 哩 哔 哩"
  ],
  "ads": [
    "wan.51img1.com",
    "iqiyi.hbuioo.com",
    "vip.ffzyad.com",
    "https://lf1-cdn-tos.bytegoofy.com/obj/tos-cn-i-dy/455ccf9e8ae744378118e4bd289288dd"
  ]
}